gene,drug,cell,dose,logFC,pval,qval,stat,drug_clean_x,smiles,drug_name,molecular_weight,num_atoms,num_heavy_atoms,num_bonds,num_rings,num_aromatic_rings,num_saturated_rings,num_aliphatic_rings,tpsa,logp,molar_refractivity,num_hbd,num_hba,num_rotatable_bonds,num_sp3_carbons,formal_charge,num_positive_charges,num_negative_charges,sa_score,num_carbons,num_nitrogens,num_oxygens,num_sulfurs,num_halogens,num_heteroatoms,fr_amide,fr_ester,fr_ether,fr_ketone,fr_aldehyde,fr_COO,fr_amine,fr_aromatic,fr_benzene,fr_pyridine,fr_pyrimidine,fr_pyrazole,fr_imidazole,fr_thiazole,fr_oxazole,fr_phenol,fr_aniline,fr_halogen,fr_alkyl_halide,fr_benzodiazepine,fr_bicyclic,fr_urea,fr_sulfonamide,fr_thiophene,fr_furan,fr_pyrrole,fr_azide,fr_aziridine,fr_epoxide,fr_oxirane,ecfp4_density,ecfp4_bits,ecfp6_density,ecfp6_bits,maccs_density,maccs_bits,balaban_j,bertz_ct,kier_flexibility,kier_shape1,kier_shape2,drug_clean_y
,4EGI-1,,,-0.27955949306488037,0.44591957330703735,0.7569714784622192,-0.7622353434562683,4egi 1,O=C(O)C(Cc1ccccc1[N+](=O)[O-])=NNc1nc(-c2ccc(Cl)c(Cl)c2)cs1,4EGI-1,0.1662176547178026,3.737669618283368,3.4011973816621555,3.784189633918261,1.3862943611198906,1.3862943611198906,0.0,0.0,0.2821193695397339,0.9873137337016316,0.0481328559673658,1.0986122886681098,2.19722457733622,2.079441541679836,0.0,0.0,0.6931471805599453,0.6931471805599453,0.0,2.9444389791664403,1.6094379124341005,1.6094379124341005,0.6931471805599453,1.0986122886681098,2.4849066497880004,0.0,0.0,0.0,0.0,0.0,0.6931471805599453,0.0,0.0,1.0986122886681098,0.0,0.0,0.0,0.0,0.6931471805599453,0.0,0.0,0.6931471805599453,1.0986122886681098,0.0,0.0,0.0,0.0,0.0,0.0,0.0,0.0,0.0,0.0,0.0,0.0,0.4015151515151515,0.4015151515151515,0.3618090452261306,0.3618090452261306,0.5698924731182795,0.5698924731182796,-0.4492488170326491,-0.3301299160051243,1.3451044646952717,0.0705531154660727,0.1209208972186278,4egi 1
